{
  "location": {
    "precision": 0.29292929292929293,
    "recall": 0.9354838709677419,
    "f1-score": 0.4461538461538462,
    "support": 31,
    "confused_with": {}
  },
  "micro avg": {
    "precision": 0.29292929292929293,
    "recall": 0.9354838709677419,
    "f1-score": 0.4461538461538462,
    "support": 31
  },
  "macro avg": {
    "precision": 0.29292929292929293,
    "recall": 0.9354838709677419,
    "f1-score": 0.4461538461538462,
    "support": 31
  },
  "weighted avg": {
    "precision": 0.29292929292929293,
    "recall": 0.9354838709677419,
    "f1-score": 0.4461538461538462,
    "support": 31
  },
  "accuracy": 0.8588235294117647
}