{
  "": {
    "precision": 0.0,
    "recall": 0.0,
    "f1-score": 0.0,
    "support": 12
  },
  "action_check_weather": {
    "precision": 1.0,
    "recall": 1.0,
    "f1-score": 1.0,
    "support": 4
  },
  "None": {
    "precision": 0.0,
    "recall": 0.0,
    "f1-score": 0.0,
    "support": 6
  },
  "utter_did_that_help": {
    "precision": 1.0,
    "recall": 1.0,
    "f1-score": 1.0,
    "support": 4
  },
  "action_listen": {
    "precision": 1.0,
    "recall": 0.6666666666666666,
    "f1-score": 0.8,
    "support": 24
  },
  "affirm": {
    "precision": 0.5,
    "recall": 1.0,
    "f1-score": 0.6666666666666666,
    "support": 2
  },
  "utter_happy": {
    "precision": 1.0,
    "recall": 1.0,
    "f1-score": 1.0,
    "support": 2
  },
  "greet": {
    "precision": 0.5,
    "recall": 1.0,
    "f1-score": 0.6666666666666666,
    "support": 4
  },
  "utter_greet_weather": {
    "precision": 1.0,
    "recall": 1.0,
    "f1-score": 1.0,
    "support": 6
  },
  "check_weather": {
    "precision": 0.5,
    "recall": 1.0,
    "f1-score": 0.6666666666666666,
    "support": 4
  },
  "deny": {
    "precision": 0.5,
    "recall": 1.0,
    "f1-score": 0.6666666666666666,
    "support": 2
  },
  "micro avg": {
    "precision": 0.7857142857142857,
    "recall": 0.6285714285714286,
    "f1-score": 0.6984126984126985,
    "support": 70
  },
  "macro avg": {
    "precision": 0.6363636363636364,
    "recall": 0.7878787878787878,
    "f1-score": 0.6787878787878788,
    "support": 70
  },
  "weighted avg": {
    "precision": 0.6571428571428571,
    "recall": 0.6285714285714286,
    "f1-score": 0.6171428571428572,
    "support": 70
  },
  "accuracy": 0.6285714285714286,
  "conversation_accuracy": {
    "accuracy": 0.0,
    "correct": 0,
    "with_warnings": 0,
    "total": 4
  }
}